month,model,rmse,bias,n
1,persistence,2.3345511414955262,-0.013548387096774226,155
1,random_forest,2.1232292570975058,-0.04859826753778016,155
1,ridge,2.072564536162065,0.015839563790199903,155
2,persistence,2.302065061222052,-0.04326241134751773,141
2,random_forest,2.0807792636500255,0.1234877807327555,141
2,ridge,2.0337060844848396,-0.052890906275907854,141
3,persistence,2.3500034317064853,0.08838709677419355,155
3,random_forest,2.219091151281476,0.04872230335547933,155
3,ridge,2.209842037844919,-0.30007785825892275,155
4,persistence,2.8213235664607255,0.08133333333333335,150
4,random_forest,2.57466474807874,-0.4167088869838213,150
4,ridge,2.4581448818537517,-0.2540850111415666,150
5,persistence,2.329072915380987,0.09354838709677418,155
5,random_forest,2.1276321131662495,-0.21335790949098823,155
5,ridge,2.007590498943006,-0.19975487405433406,155
6,persistence,2.2254287976327918,0.049333333333333326,150
6,random_forest,2.026150222738573,-0.3763108771784161,150
6,ridge,1.9892885784992955,0.1276461321300757,150
7,persistence,2.327576615973319,-0.02774193548387095,155
7,random_forest,2.1290601329058063,-0.32622137317954514,155
7,ridge,1.9805659392888026,-0.14586685997080373,155
8,persistence,2.2764998600709876,0.003870967741935473,155
8,random_forest,1.9554094884257491,0.19860965520417556,155
8,ridge,1.965187534356171,-0.21118869919532685,155
9,persistence,3.3004646137576854,-0.104,150
9,random_forest,2.7793607524630435,-0.23434164663514048,150
9,ridge,2.728051897789813,-0.3674469992420579,150
10,persistence,3.2985529574198478,-0.050967741935483875,155
10,random_forest,2.633595837902319,-0.03427148356833349,155
10,ridge,2.700522116445977,0.06000559158858701,155
11,persistence,3.1534637041407874,-0.0033333333333333097,150
11,random_forest,2.7617075459353377,-0.19824683974082605,150
11,ridge,2.6681148768217193,0.030302920503882565,150
12,persistence,2.622987787822302,-0.06818181818181818,154
12,random_forest,2.434413612700282,-0.025230789018968223,154
12,ridge,2.332218122471093,0.07916613837759759,154
